DATE,Base: Total,Base: Currency in Circulation
2002-01-06,659930.0,643.044
2002-01-13,659930.0,638.956
2002-01-20,652179.0,632.719
2002-01-27,652179.0,632.017
2002-02-03,649587.0,630.409
2002-02-10,649587.0,631.843
2002-02-17,655271.0,635.017
2002-02-24,655271.0,638.84
2002-03-03,657321.0,637.836
2002-03-10,657321.0,638.543
2002-03-17,657943.0,639.616
2002-03-24,657943.0,640.023
2002-03-31,661137.0,640.608
2002-04-07,661137.0,642.93
2002-04-14,663255.0,644.043
2002-04-21,663255.0,643.836
2002-04-28,664081.0,643.509
2002-05-05,664081.0,644.267
2002-05-12,665556.0,646.492
2002-05-19,665556.0,647.781
2002-05-26,671425.0,648.855
2002-06-02,671425.0,654.071
2002-06-09,672481.0,654.441
2002-06-16,672481.0,654.398
2002-06-23,673438.0,654.82
2002-06-30,673438.0,655.436
2002-07-07,680268.0,659.984
2002-07-14,680268.0,664.099
2002-07-21,679002.0,661.441
2002-07-28,679002.0,659.685
2002-08-04,678557.0,659.59
2002-08-11,678557.0,660.92
2002-08-18,678493.0,660.893
2002-08-25,678493.0,660.401
2002-09-01,682392.0,660.018
2002-09-08,682392.0,664.329
2002-09-15,680464.0,663.56
2002-09-22,680464.0,661.153
2002-09-29,679655.0,659.713
2002-10-06,679655.0,660.138
2002-10-13,681277.0,661.683
2002-10-20,681277.0,664.412
2002-10-27,682498.0,662.855
2002-11-03,682498.0,662.102
2002-11-10,685340.0,663.948
2002-11-17,685340.0,668.079
2002-11-24,690035.0,667.813
2002-12-01,690035.0,669.935
2002-12-08,694976.0,674.544
2002-12-15,694976.0,674.339
2002-12-22,700058.0,675.482
2002-12-29,700058.0,681.523
2003-01-05,705024.0,686.685
2003-01-12,705024.0,683.223
2003-01-19,698187.0,676.426
2003-01-26,698187.0,675.941
2003-02-02,695812.0,674.782
2003-02-09,695812.0,675.778
2003-02-16,700744.0,678.459
2003-02-23,700744.0,682.83
2003-03-02,704149.0,682.262
2003-03-09,704149.0,682.387
2003-03-16,704272.0,683.029
2003-03-23,704272.0,683.717
2003-03-30,706899.0,684.519
2003-04-06,706899.0,685.884
2003-04-13,708600.0,686.974
2003-04-20,708600.0,687.634
2003-04-27,710883.0,687.541
2003-05-04,710883.0,687.244
2003-05-11,710810.0,688.815
2003-05-18,710810.0,689.722
2003-05-25,716382.0,689.936
2003-06-01,716382.0,693.612
2003-06-08,714790.0,692.938
2003-06-15,714790.0,692.19
2003-06-22,713857.0,691.54
2003-06-29,713857.0,691.146
2003-07-06,718537.0,693.612
2003-07-13,718537.0,697.862
2003-07-20,717402.0,694.526
2003-07-27,717402.0,692.719
2003-08-03,716946.0,692.566
2003-08-10,716946.0,694.304
2003-08-17,720899.0,694.989
2003-08-24,720899.0,694.728
2003-08-31,723122.0,694.765
2003-09-07,723122.0,700.111
2003-09-14,720463.0,698.497
2003-09-21,720463.0,696.224
2003-09-28,721232.0,695.964
2003-10-05,721232.0,696.782
2003-10-12,722346.0,698.99
2003-10-19,722346.0,703.121
2003-10-26,727073.0,702.633
2003-11-02,727073.0,702.005
2003-11-09,727171.0,703.239
2003-11-16,727171.0,706.331
2003-11-23,732024.0,706.826
2003-11-30,732024.0,708.825
2003-12-07,736179.0,713.268
2003-12-14,736179.0,711.797
2003-12-21,738953.0,713.54
2003-12-28,738953.0,718.645
2004-01-04,744930.0,723.706
2004-01-11,744930.0,721.161
2004-01-18,735027.0,713.15
2004-01-25,735027.0,711.204
2004-02-01,732470.0,709.493
2004-02-08,732470.0,710.16
2004-02-15,735083.0,712.514
2004-02-22,735083.0,716.116
2004-02-29,736571.0,714.209
2004-03-07,736571.0,713.389
2004-03-14,736621.0,713.741
2004-03-21,736621.0,713.946
2004-03-28,736984.0,714.152
2004-04-04,736984.0,714.388
2004-04-11,739667.0,716.249
2004-04-18,739667.0,717.608
2004-04-25,742511.0,716.925
2004-05-02,742511.0,716.331
2004-05-09,742861.0,718.505
2004-05-16,742861.0,719.551
2004-05-23,745135.0,719.799
2004-05-30,745135.0,720.862
2004-06-06,750001.0,726.561
2004-06-13,750001.0,726.353
2004-06-20,748515.0,724.918
2004-06-27,748515.0,724.944
2004-07-04,755958.0,729.41
2004-07-11,755958.0,736.293
2004-07-18,757930.0,736.25
2004-07-25,757930.0,733.731
2004-08-01,757370.0,733.036
2004-08-08,757370.0,733.953
2004-08-15,755406.0,735.022
2004-08-22,755406.0,735.064
2004-08-29,759035.0,734.441
2004-09-05,759035.0,734.99
2004-09-12,762939.0,741.27
2004-09-19,762939.0,740.142
2004-09-26,761759.0,737.504
2004-10-03,761759.0,736.84
2004-10-10,762192.0,738.567
2004-10-17,762192.0,742.576
2004-10-24,764584.0,741.416
2004-10-31,764584.0,740.707
2004-11-07,766874.0,742.555
2004-11-14,766874.0,745.485
2004-11-21,771109.0,748.462
2004-11-28,771109.0,749.823
2004-12-05,775087.0,753.88
2004-12-12,775087.0,751.418
2004-12-19,774201.0,751.148
2004-12-26,774201.0,753.631
2005-01-02,780571.0,756.9
2005-01-09,780571.0,755.028
2005-01-16,773586.0,750.039
2005-01-23,773586.0,748.845
2005-01-30,774902.0,746.876
2005-02-06,774902.0,747.011
2005-02-13,770725.0,750.164
2005-02-20,770725.0,751.141
2005-02-27,775062.0,753.243
2005-03-06,775062.0,751.862
2005-03-13,772512.0,751.57
2005-03-20,772512.0,751.952
2005-03-27,774133.0,751.997
2005-04-03,774133.0,753.036
2005-04-10,774750.0,754.51
2005-04-17,774750.0,754.147
2005-04-24,776501.0,753.363
2005-05-01,776501.0,752.62
2005-05-08,774449.0,753.669
2005-05-15,774449.0,754.516
2005-05-22,775610.0,754.287
2005-05-29,775610.0,754.266
2005-06-05,781595.0,760.446
2005-06-12,781595.0,761.106
2005-06-19,778943.0,759.558
2005-06-26,778943.0,758.984
2005-07-03,782767.0,759.885
2005-07-10,782767.0,766.501
2005-07-17,782567.0,765.725
2005-07-24,782567.0,762.345
2005-07-31,783283.0,760.818
2005-08-07,783283.0,762.964
2005-08-14,781969.0,764.34
2005-08-21,781969.0,763.818
2005-08-28,783366.0,762.757
2005-09-04,783366.0,762.858
2005-09-11,787682.0,768.957
2005-09-18,787682.0,769.108
2005-09-25,788255.0,767.077
2005-10-02,788255.0,766.619
2005-10-09,787596.0,767.373
2005-10-16,787596.0,771.142
2005-10-23,786721.0,768.929
2005-10-30,786721.0,767.81
2005-11-06,787692.0,768.401
2005-11-13,787692.0,770.878
2005-11-20,794976.0,776.243
2005-11-27,794976.0,776.963
2005-12-04,797895.0,780.611
2005-12-11,797895.0,778.108
2005-12-18,799406.0,779.37
2005-12-25,799406.0,783.813
2006-01-01,811991.0,792.055
2006-01-08,811991.0,793.635
2006-01-15,804049.0,786.749
2006-01-22,804049.0,784.844
2006-01-29,801900.0,782.063
2006-02-05,801900.0,781.02
2006-02-12,802595.0,784.452
2006-02-19,802595.0,786.568
2006-02-26,807517.0,789.472
2006-03-05,807517.0,788.386
2006-03-12,810684.0,789.068
2006-03-19,810684.0,789.749
2006-03-26,810133.0,788.929
2006-04-02,810133.0,788.446
2006-04-09,807796.0,789.654
2006-04-16,807796.0,790.718
2006-04-23,809782.0,791.15
2006-04-30,809782.0,790.652
2006-05-07,811309.0,791.791
2006-05-14,811309.0,793.731
2006-05-21,811888.0,793.975
2006-05-28,811888.0,793.843
2006-06-04,815697.0,798.189
2006-06-11,815697.0,796.788
2006-06-18,810627.0,794.479
2006-06-25,810627.0,793.045
2006-07-02,812482.0,792.877
2006-07-09,812482.0,798.132
2006-07-16,812034.0,798.289
2006-07-23,812034.0,794.573
2006-07-30,810482.0,792.679
2006-08-06,810482.0,792.753
2006-08-13,809022.0,794.03
2006-08-20,809022.0,794.418
2006-08-27,810097.0,793.264
2006-09-03,810097.0,793.538
2006-09-10,812507.0,798.503
2006-09-17,812507.0,796.131
2006-09-24,808658.0,792.495
2006-10-01,808658.0,790.748
2006-10-08,809411.0,791.787
2006-10-15,809411.0,795.772
2006-10-22,809469.0,794.852
2006-10-29,809469.0,794.146
2006-11-05,811489.0,794.737
2006-11-12,811489.0,797.339
2006-11-19,816165.0,799.918
2006-11-26,816165.0,803.01
2006-12-03,823169.0,807.706
2006-12-10,823169.0,805.603
2006-12-17,821930.0,806.225
2006-12-24,821930.0,808.651
2006-12-31,834786.0,816.824
2007-01-07,834786.0,819.803
2007-01-14,824798.0,812.449
2007-01-21,824798.0,807.874
2007-01-28,818628.0,803.306
2007-02-04,818628.0,800.808
2007-02-11,817343.0,802.412
2007-02-18,817343.0,804.604
2007-02-25,822746.0,807.8
2007-03-04,822746.0,806.639
2007-03-11,821244.0,806.879
2007-03-18,821244.0,806.706
2007-03-25,820304.0,806.291
2007-04-01,820304.0,805.485
2007-04-08,822222.0,806.666
2007-04-15,822222.0,808.216
2007-04-22,823000.0,808.144
2007-04-29,823000.0,807.201
2007-05-06,824583.0,807.361
2007-05-13,824583.0,808.678
2007-05-20,824256.0,809.05
2007-05-27,824256.0,808.818
2007-06-03,829476.0,813.595
2007-06-10,829476.0,812.919
2007-06-17,825686.0,811.424
2007-06-24,825686.0,810.24
2007-07-01,827830.0,809.734
2007-07-08,827830.0,814.807
2007-07-15,829789.0,817.326
2007-07-22,829789.0,813.996
2007-07-29,828362.0,812.468
2007-08-05,828362.0,812.382
2007-08-12,834129.0,813.011
2007-08-19,834129.0,812.36
2007-08-26,825399.0,811.037
2007-09-02,825399.0,809.869
2007-09-09,827953.0,814.925
2007-09-16,827953.0,812.932
2007-09-23,826060.0,809.893
2007-09-30,826060.0,809.845
2007-10-07,830569.0,811.777
2007-10-14,830569.0,816.15
2007-10-21,827528.0,814.491
2007-10-28,827528.0,812.803
2007-11-04,829875.0,813.07
2007-11-11,829875.0,815.761
2007-11-18,835395.0,821.038
2007-11-25,835395.0,820.706
2007-12-02,836090.0,821.924
2007-12-09,836090.0,818.02
2007-12-16,832075.0,818.198
2007-12-23,832075.0,819.46
2007-12-30,843621.0,825.497
2008-01-06,843621.0,829.075
2008-01-13,832705.0,822.574
2008-01-20,832705.0,813.45
2008-01-27,826979.0,812.048
2008-02-03,826979.0,809.686
2008-02-10,826776.0,811.518
2008-02-17,826776.0,813.774
2008-02-24,831800.0,817.06
2008-03-02,831800.0,815.364
2008-03-09,831500.0,815.899
2008-03-16,831500.0,816.854
2008-03-23,834666.0,816.969
2008-03-30,834666.0,816.856
2008-04-06,831929.0,815.572
2008-04-13,831929.0,815.089
2008-04-20,829273.0,813.879
2008-04-27,829273.0,812.79
2008-05-04,829977.0,812.355
2008-05-11,829977.0,814.244
2008-05-18,832619.0,815.675
2008-05-25,832619.0,817.662
2008-06-01,840843.0,823.164
2008-06-08,840843.0,823.314
2008-06-15,837637.0,822.641
2008-06-22,837637.0,822.576
2008-06-29,842914.0,822.777
2008-07-06,842914.0,826.574
2008-07-13,847282.0,832.895
2008-07-20,847282.0,829.905
2008-07-27,847310.0,829.799
2008-08-03,847310.0,830.559
2008-08-10,847444.0,831.496
2008-08-17,847444.0,831.085
2008-08-24,846685.0,830.017
2008-08-31,846685.0,829.456
2008-09-07,851525.0,835.191
2008-09-14,851525.0,834.477
2008-09-21,916189.0,832.301
2008-09-28,916189.0,833.801
2008-10-05,991451.0,836.296
2008-10-12,991451.0,844.419
2008-10-19,1151115.0,853.143
2008-10-26,1151115.0,854.418
2008-11-02,1242395.0,857.335
2008-11-09,1242395.0,860.696
2008-11-16,1483787.0,864.113
2008-11-23,1483787.0,864.583
2008-11-30,1480232.0,866.906
2008-12-07,1480232.0,872.413
2008-12-14,1666978.0,871.816
2008-12-21,1666978.0,875.146
2008-12-28,1705638.0,881.292
2009-01-04,1705638.0,888.75
2009-01-11,1753732.0,889.417
2009-01-18,1753732.0,883.327
2009-01-25,1709754.0,884.889
2009-02-01,1709754.0,887.103
2009-02-08,1527882.0,888.913
2009-02-15,1527882.0,893.002
2009-02-22,1592442.0,897.625
2009-03-01,1592442.0,897.082
2009-03-08,1542228.0,898.492
2009-03-15,1542228.0,900.728
2009-03-22,1693133.0,901.764
2009-03-29,1693133.0,902.024
2009-04-05,1733017.0,902.604
2009-04-12,1733017.0,904.634
2009-04-19,1789878.0,904.823
2009-04-26,1789878.0,903.293
2009-05-03,1709369.0,901.704
2009-05-10,1709369.0,903.838
2009-05-17,1805373.0,904.791
2009-05-24,1805373.0,904.769
2009-05-31,1772436.0,908.66
2009-06-07,1772436.0,908.798
2009-06-14,1722716.0,907.565
2009-06-21,1722716.0,907.334
2009-06-28,1621214.0,906.606
2009-07-05,1621214.0,907.936
2009-07-12,1682217.0,911.99
2009-07-19,1682217.0,910.477
2009-07-26,1672288.0,908.744
2009-08-02,1672288.0,908.651
2009-08-09,1648636.0,910.601
2009-08-16,1648636.0,911.621
2009-08-23,1744441.0,910.923
2009-08-30,1744441.0,909.952
2009-09-06,1765635.0,910.448
2009-09-13,1765635.0,915.919
2009-09-20,1795581.0,914.437
2009-09-27,1795581.0,912.065
2009-10-04,1858017.0,911.978
2009-10-11,1858017.0,914.279
2009-10-18,1927828.0,917.672
2009-10-25,1927828.0,915.56
2009-11-01,2003003.0,913.756
2009-11-08,2003003.0,915.075
2009-11-15,1989940.0,918.649
2009-11-22,1989940.0,919.305
2009-11-29,2072256.0,919.937
2009-12-06,2072256.0,922.935
2009-12-13,2036838.0,921.284
2009-12-20,2036838.0,922.711
2009-12-27,2014212.0,925.105
2010-01-03,2014212.0,929.539
2010-01-10,1953607.0,927.264
2010-01-17,1953607.0,920.466
2010-01-24,2013108.0,919.287
2010-01-31,2013108.0,917.922
2010-02-07,2065854.0,919.398
2010-02-14,2065854.0,925.959
2010-02-21,2148684.0,931.839
2010-02-28,2148684.0,931.643
2010-03-07,2121248.0,931.867
2010-03-14,2121248.0,932.723
2010-03-21,2062102.0,932.781
2010-03-28,2062102.0,932.613
2010-04-04,2055062.0,932.692
2010-04-11,2055062.0,935.618
2010-04-18,2019074.0,935.636
2010-04-25,2019074.0,934.684
2010-05-02,1975669.0,934.278
2010-05-09,1975669.0,936.266
2010-05-16,2019397.0,937.893
2010-05-23,2019397.0,937.818
2010-05-30,2019365.0,937.92
2010-06-06,2019365.0,943.219
2010-06-13,2007579.0,942.478
2010-06-20,2007579.0,940.334
2010-06-27,1994868.0,939.372
2010-07-04,1994868.0,941.41
2010-07-11,2002137.0,947.853
2010-07-18,2002137.0,945.885
2010-07-25,1985912.0,943.03
2010-08-01,1985912.0,942.291
2010-08-08,1996856.0,944.717
2010-08-15,1996856.0,946.412
2010-08-22,1994404.0,946.929
2010-08-29,1994404.0,946.292
2010-09-05,1986085.0,947.518
2010-09-12,1986085.0,953.865
2010-09-19,1955295.0,952.245
2010-09-26,1955295.0,951.101
2010-10-03,1946749.0,951.923
2010-10-10,1946749.0,956.221
2010-10-17,1966965.0,962.104
2010-10-24,1966965.0,961.768
2010-10-31,1963211.0,961.383
2010-11-07,1963211.0,964.759
2010-11-14,1963334.0,970.964
2010-11-21,1963334.0,973.534
2010-11-28,1985990.0,974.304
2010-12-05,1985990.0,978.037
2010-12-12,2031954.0,976.357
2010-12-19,2031954.0,978.416
2010-12-26,2004294.0,980.47
2011-01-02,2004294.0,983.671
2011-01-09,2016770.0,982.717
2011-01-16,2016770.0,978.279
2011-01-23,2054422.0,978.575
2011-01-30,2054422.0,976.079
2011-02-06,2104460.0,977.725
2011-02-13,2104460.0,986.142
2011-02-20,2239602.0,989.053
2011-02-27,2239602.0,995.43
2011-03-06,2326078.0,997.114
2011-03-13,2326078.0,999.303
2011-03-20,2397924.0,1001.011
2011-03-27,2397924.0,1002.674
2011-04-03,2468699.0,1003.372
2011-04-10,2468699.0,1006.31
2011-04-17,2516991.0,1009.404
2011-04-24,2516991.0,1010.508
2011-05-01,2484716.0,1011.242
2011-05-08,2484716.0,1014.589
2011-05-15,2551840.0,1017.031
2011-05-22,2551840.0,1017.28
2011-05-29,2609086.0,1017.758
2011-06-05,2609086.0,1023.953
2011-06-12,2666626.0,1024.171
2011-06-19,2666626.0,1022.901
2011-06-26,2629738.0,1022.653
2011-07-03,2629738.0,1023.955
2011-07-10,2698259.0,1031.28
2011-07-17,2698259.0,1030.194
2011-07-24,2675877.0,1028.324
2011-07-31,2675877.0,1028.483
2011-08-07,2672301.0,1031.763
2011-08-14,2672301.0,1033.464
2011-08-21,2648963.0,1033.456
2011-08-28,2648963.0,1032.483
2011-09-04,2654221.0,1034.036
2011-09-11,2654221.0,1041.871
2011-09-18,2634075.0,1040.635
2011-09-25,2634075.0,1036.718
2011-10-02,2630423.0,1035.726
2011-10-09,2630423.0,1038.913
2011-10-16,2658741.0,1044.961
2011-10-23,2658741.0,1042.797
2011-10-30,2616333.0,1041.846
2011-11-06,2616333.0,1045.321
2011-11-13,2633476.0,1052.141
2011-11-20,2633476.0,1057.608
2011-11-27,2575806.0,1058.821
2011-12-04,2575806.0,1062.262
2011-12-11,2639406.0,1061.252
2011-12-18,2639406.0,1064.333
2011-12-25,2594558.0,1066.449
2012-01-01,2594558.0,1073.589
2012-01-08,2643893.0,1075.477
2012-01-15,2643893.0,1069.897
2012-01-22,2630313.0,1067.899
2012-01-29,2630313.0,1065.49
2012-02-05,2659417.0,1067.282
2012-02-12,2659417.0,1074.01
2012-02-19,2715207.0,1081.631
2012-02-26,2715207.0,1088.913
2012-03-04,2692860.0,1089.149
2012-03-11,2692860.0,1092.69
2012-03-18,2648997.0,1095.234
2012-03-25,2648997.0,1096.169
2012-04-01,2637582.0,1096.572
2012-04-08,2637582.0,1099.477
2012-04-15,2659405.0,1100.956
2012-04-22,2659405.0,1100.186
2012-04-29,2617791.0,1099.292
2012-05-06,2617791.0,1100.534
2012-05-13,2604299.0,1102.55
2012-05-20,2604299.0,1103.266
2012-05-27,2626106.0,1103.47
2012-06-03,2626106.0,1108.523
2012-06-10,2649540.0,1109.299
2012-06-17,2649540.0,1108.629
2012-06-24,2588939.0,1108.141
2012-07-01,2588939.0,1108.112
2012-07-08,2624495.0,1113.922
2012-07-15,2624495.0,1117.112
2012-07-22,2656001.0,1113.068
2012-07-29,2656001.0,1110.921
2012-08-05,2671140.0,1112.003
2012-08-12,2671140.0,1115.259
2012-08-19,2650077.0,1116.427
2012-08-26,2650077.0,1116.58
2012-09-02,2633671.0,1119.062
2012-09-09,2633671.0,1127.798
2012-09-16,2605483.0,1126.69
2012-09-23,2605483.0,1125.061
2012-09-30,2563834.0,1126.006
2012-10-07,2563834.0,1129.89
2012-10-14,2612388.0,1136.541
2012-10-21,2612388.0,1135.575
2012-10-28,2621436.0,1134.332
2012-11-04,2621436.0,1136.775
2012-11-11,2643177.0,1144.458
2012-11-18,2643177.0,1148.62
2012-11-25,2646209.0,1149.782
2012-12-02,2646209.0,1153.218
2012-12-09,2676435.0,1151.783
2012-12-16,2676435.0,1154.747
2012-12-23,2670477.0,1156.708
2012-12-30,2670477.0,1163.543
2013-01-06,2690080.0,1168.897
2013-01-13,2690080.0,1164.372
2013-01-20,2741803.0,1156.28
2013-01-27,2741803.0,1156.041
2013-02-03,2799758.0,1154.822
2013-02-10,2799758.0,1157.63
2013-02-17,2840988.0,1162.433
2013-02-24,2840988.0,1168.856
2013-03-03,2886833.0,1169.419
2013-03-10,2886833.0,1172.647
2013-03-17,2932071.0,1174.977
2013-03-24,2932071.0,1174.844
2013-03-31,2965102.0,1174.947
2013-04-07,2965102.0,1177.787
2013-04-14,3028362.0,1178.621
2013-04-21,3028362.0,1178.446
2013-04-28,3004595.0,1178.83
2013-05-05,3004595.0,1180.396
2013-05-12,3069217.0,1183.568
2013-05-19,3069217.0,1184.641
2013-05-26,3158707.0,1185.799
2013-06-02,3158707.0,1190.725
2013-06-09,3214686.0,1190.693
2013-06-16,3214686.0,1189.05
2013-06-23,3177550.0,1188.497
2013-06-30,3177550.0,1190.533
2013-07-07,3245562.0,1196.132
2013-07-14,3245562.0,1201.072
2013-07-21,3288934.0,1196.418
2013-07-28,3288934.0,1194.269
2013-08-04,3359591.0,1195.013
2013-08-11,3359591.0,1198.243
2013-08-18,3383104.0,1198.608
2013-08-25,3383104.0,1198.398
2013-09-01,3448625.0,1199.944
2013-09-08,3448625.0,1208.228
2013-09-15,3485902.0,1207.511
2013-09-22,3485902.0,1205.073
2013-09-29,3500874.0,1204.498
2013-10-06,3500874.0,1207.268
2013-10-13,3578578.0,1210.637
2013-10-20,3578578.0,1216.184
2013-10-27,3607699.0,1215.786
2013-11-03,3607699.0,1217.249
2013-11-10,3665340.0,1218.889
2013-11-17,3665340.0,1222.088
2013-11-24,3691369.0,1220.228
2013-12-01,3691369.0,1222.173
2013-12-08,3736105.0,1228.027
2013-12-15,3736105.0,1227.549
2013-12-22,3730512.0,1229.71
2013-12-29,3730512.0,1235.858
2014-01-05,3652774.0,1240.461
2014-01-12,3652774.0,1237.415
2014-01-19,3753108.0,1229.185
2014-01-26,3753108.0,1226.257
2014-02-02,3757474.0,1224.839
2014-02-09,3757474.0,1228.635
2014-02-16,3839563.0,1231.756
2014-02-23,3839563.0,1241.349
2014-03-02,3865853.0,1248.398
2014-03-09,3865853.0,1253.801
2014-03-16,3911099.0,1260.133
2014-03-23,3911099.0,1265.151
2014-03-30,3864796.0,1267.259
2014-04-06,3864796.0,1268.723
2014-04-13,3975116.0,1270.619
2014-04-20,3975116.0,1270.527
2014-04-27,3895660.0,1270.13
2014-05-04,3895660.0,1270.639
2014-05-11,3888168.0,1273.16
2014-05-18,3888168.0,1274.719
2014-05-25,3921421.0,1275.447
2014-06-01,3921421.0,1280.467
2014-06-08,3974339.0,1280.486
2014-06-15,3974339.0,1279.611
2014-06-22,3950816.0,1278.864
2014-06-29,3950816.0,1278.54
2014-07-06,3886317.0,1282.381
2014-07-13,3886317.0,1288.724
2014-07-20,4000589.0,1285.464
2014-07-27,4000589.0,1283.726
2014-08-03,4084563.0,1283.83
2014-08-10,4084563.0,1286.962
2014-08-17,4076179.0,1288.11
2014-08-24,4076179.0,1287.281
2014-08-31,4068394.0,1287.66
2014-09-07,4068394.0,1292.925
2014-09-14,4083445.0,1292.485
2014-09-21,4083445.0,1289.364
2014-09-28,4007866.0,1288.316
2014-10-05,4007866.0,1289.118
2014-10-12,4065049.0,1291.632
2014-10-19,4065049.0,1295.828
2014-10-26,3956014.0,1296.4
2014-11-02,3956014.0,1297.206
2014-11-09,3871127.0,1302.216
2014-11-16,3871127.0,1310.877
2014-11-23,3815811.0,1311.759
2014-11-30,3815811.0,1313.117
2014-12-07,3759465.0,1317.966
2014-12-14,3759465.0,1318.382
2014-12-21,4062165.0,1322.765
2014-12-28,4062165.0,1332.857
2015-01-04,3929023.0,1341.521
2015-01-11,3929023.0,1341.142
2015-01-18,4069967.0,1332.825
2015-01-25,4069967.0,1330.813
2015-02-01,4004751.0,1329.008
2015-02-08,4004751.0,1331.078
2015-02-15,3839250.0,1337.888
2015-02-22,3839250.0,1346.585
2015-03-01,3776450.0,1349.475
2015-03-08,3776450.0,1352.366
2015-03-15,4090919.0,1354.972
2015-03-22,4090919.0,1355.673
2015-03-29,4043919.0,1356.045
2015-04-05,4043919.0,1357.822
2015-04-12,4130472.0,1361.256
2015-04-19,4130472.0,1361.876
2015-04-26,3995751.0,1359.777
2015-05-03,3995751.0,1358.9
2015-05-10,3970194.0,1361.956
2015-05-17,3970194.0,1363.712
2015-05-24,3939260.0,1364.194
2015-05-31,3939260.0,1368.417
2015-06-07,3917095.0,1368.309
2015-06-14,3917095.0,1366.834
2015-06-21,3940559.0,1365.073
2015-06-28,3940559.0,1364.416
2015-07-05,3875118.0,1366.614
2015-07-12,3875118.0,1371.116
2015-07-19,3995973.0,1370.374
2015-07-26,3995973.0,1369.892
2015-08-02,3983685.0,1370.88
2015-08-09,3983685.0,1373.315
2015-08-16,3919236.0,1375.158
2015-08-23,3919236.0,1375.789
2015-08-30,4059739.0,1375.949
2015-09-06,4059739.0,1379.27
2015-09-13,4099501.0,1385.937
2015-09-20,4099501.0,1385.325
2015-09-27,3953008.0,1383.774
2015-10-04,3953008.0,1385.055
2015-10-11,4055673.0,1388.846
2015-10-18,4055673.0,1392.686
2015-10-25,4067626.0,1391.611
2015-11-01,4067626.0,1392.573
2015-11-08,4049452.0,1396.978
2015-11-15,4049452.0,1403.383
2015-11-22,3999674.0,1405.092
2015-11-29,3999674.0,1406.511
2015-12-06,3932470.0,1411.379
2015-12-13,3932470.0,1410.79
2015-12-20,3886726.0,1412.636
2015-12-27,3886726.0,1416.68
2016-01-03,3637966.0,1423.734
2016-01-10,3637966.0,1424.303
2016-01-17,3854304.0,1417.119
2016-01-24,3854304.0,1414.82
2016-01-31,3798761.0,1413.083
2016-02-07,3798761.0,1413.716
2016-02-14,3880629.0,1416.765
2016-02-21,3880629.0,1424.305
2016-02-28,3881411.0,1429.119
2016-03-06,3881411.0,1430.75
2016-03-13,3944061.0,1435.004
2016-03-20,3944061.0,1437.712
2016-03-27,3855934.0,1439.644
2016-04-03,3855934.0,1441.273
2016-04-10,3888621.0,1443.933
2016-04-17,3888621.0,1444.502
2016-04-24,3867263.0,1444.297
2016-05-01,3867263.0,1445.821
2016-05-08,3831478.0,1448.814
2016-05-15,3831478.0,1451.461
2016-05-22,3826233.0,1451.514
2016-05-29,3826233.0,1452.201
2016-06-05,3869813.0,1457.699
2016-06-12,3869813.0,1458.335
2016-06-19,3861970.0,1456.747
2016-06-26,3861970.0,1456.143
2016-07-03,3717181.0,1458.605
2016-07-10,3717181.0,1466.002
2016-07-17,3782897.0,1465.026
2016-07-24,3782897.0,1462.348
2016-07-31,3789566.0,1461.333
2016-08-07,3789566.0,1463.029
2016-08-14,3826504.0,1464.831
2016-08-21,3826504.0,1464.407
2016-08-28,3812767.0,1463.978
2016-09-04,3812767.0,1465.458
2016-09-11,3843123.0,1472.496
2016-09-18,3843123.0,1471.45
2016-09-25,3656657.0,1468.692
2016-10-02,3656657.0,1468.362
2016-10-09,3539862.0,1471.724
2016-10-16,3539862.0,1478.298
2016-10-23,3581010.0,1477.157
2016-10-30,3581010.0,1476.064
2016-11-06,3624724.0,1479.366
2016-11-13,3624724.0,1486.424
2016-11-20,3640392.0,1490.871
2016-11-27,3640392.0,1491.246
2016-12-04,3615014.0,1494.792
2016-12-11,3615014.0,1494.573
2016-12-18,3579045.0,1497.476
2016-12-25,3579045.0,1499.308
2017-01-01,3406680.0,1506.062
2017-01-08,3406680.0,1509.346
2017-01-15,3612501.0,1505.424
2017-01-22,3612501.0,1503.204
2017-01-29,3635183.0,1500.341
2017-02-05,3635183.0,1498.401
2017-02-12,3738343.0,1502.304
2017-02-19,3738343.0,1506.748
2017-02-26,3763651.0,1511.166
2017-03-05,3763651.0,1515.49
2017-03-12,3879133.0,1525.03
2017-03-19,3879133.0,1529.114
2017-03-26,3843153.0,1531.822
2017-04-02,3843153.0,1534.138
2017-04-09,3834632.0,1537.195
2017-04-16,3834632.0,1539.803
2017-04-23,3831637.0,1540.105
2017-04-30,3831637.0,1540.787
2017-05-07,3748107.0,1543.435
2017-05-14,3748107.0,1546.6
2017-05-21,3779292.0,1547.448
2017-05-28,3779292.0,1548.396
2017-06-04,3802234.0,1554.937
2017-06-11,3802234.0,1555.595
2017-06-18,3796940.0,1554.611
2017-06-25,3796940.0,1554.733
2017-07-02,3678956.0,1555.9
2017-07-09,3678956.0,1562.93
2017-07-16,3800874.0,1564.969
2017-07-23,3800874.0,1561.918
2017-07-30,3837609.0,1560.553
2017-08-06,3837609.0,1562.785
2017-08-13,3899869.0,1565.345
2017-08-20,3899869.0,1565.711
2017-08-27,3928393.0,1565.414
2017-09-03,3928393.0,1567.186
2017-09-10,3939817.0,1575.1
2017-09-17,3939817.0,1579.472
2017-09-24,3832060.0,1579.663
2017-10-01,3832060.0,1578.946
2017-10-08,3789419.0,1580.355
2017-10-15,3789419.0,1584.77
2017-10-22,3846529.0,1584.349
2017-10-29,3846529.0,1583.583
2017-11-05,3865364.0,1585.415
2017-11-12,3865364.0,1590.168
2017-11-19,3930997.0,1591.266
2017-11-26,3930997.0,1594.566
2017-12-03,3909398.0,1599.238
2017-12-10,3909398.0,1599.572
2017-12-17,3914106.0,1602.464
2017-12-24,3914106.0,1604.022
2017-12-31,3738744.0,1612.12
2018-01-07,3738744.0,1618.012
2018-01-14,3854014.0,1614.585
2018-01-21,3854014.0,1610.647
2018-01-28,3814017.0,1607.693
2018-02-04,3814017.0,1605.766
2018-02-11,3860728.0,1609.04
2018-02-18,3860728.0,1613.641
2018-02-25,3849385.0,1619.318
2018-03-04,3849385.0,1623.124
2018-03-11,3859796.0,1629.472
2018-03-18,3859796.0,1633.275
2018-03-25,3753156.0,1634.153
2018-04-01,3753156.0,1635.251
2018-04-08,3745837.0,1637.719
2018-04-15,3745837.0,1639.944
2018-04-22,3738060.0,1640.416
2018-04-29,3738060.0,1641.724
2018-05-06,3655305.0,1643.581
2018-05-13,3655305.0,1646.695
2018-05-20,3681430.0,1650.654
2018-05-27,3681430.0,1653.989
2018-06-03,3684954.0,1659.475
2018-06-10,3684954.0,1661.173
2018-06-17,3675501.0,1660.899
2018-06-24,3675501.0,1660.851
2018-07-01,3594782.0,1662.164
2018-07-08,3594782.0,1668.566
2018-07-15,3632990.0,1672.144
2018-07-22,3632990.0,1668.632
2018-07-29,3609650.0,1666.885
2018-08-05,3609650.0,1667.748
2018-08-12,3607124.0,1669.37
2018-08-19,3607124.0,1670.942
2018-08-26,3558579.0,1673.672
2018-09-02,3558579.0,1676.308
2018-09-09,3594233.0,1685.586
2018-09-16,3594233.0,1686.893
2018-09-23,3540988.0,1685.089
2018-09-30,3540988.0,1684.491
2018-10-07,3522555.0,1686.642
2018-10-14,3522555.0,1691.826
2018-10-21,3526004.0,1691.137
2018-10-28,3526004.0,1689.73
2018-11-04,3508164.0,1691.324
2018-11-11,3508164.0,1696.62
2018-11-18,3481417.0,1700.939
2018-11-25,3481417.0,1702.783
2018-12-02,3443658.0,1706.067
2018-12-09,3443658.0,1704.449
2018-12-16,3422687.0,1704.984
2018-12-23,3422687.0,1705.712
2018-12-30,3357271.0,1712.424
2019-01-06,3357271.0,1719.039
2019-01-13,3368362.0,1715.446
2019-01-20,3368362.0,1706.753
2019-01-27,3323403.0,1704.763
2019-02-03,3323403.0,1702.628
2019-02-10,3353992.0,1703.372
2019-02-17,3353992.0,1706.086
2019-02-24,3347505.0,1710.847
2019-03-03,3347505.0,1710.832
2019-03-10,3430110.0,1714.772
2019-03-17,3430110.0,1719.885
2019-03-24,3347203.0,1720.603
2019-03-31,3347203.0,1721.789
2019-04-07,3343215.0,1724.746
2019-04-14,3343215.0,1726.694
2019-04-21,3282052.0,1726.996
2019-04-28,3282052.0,1727.199
2019-05-05,3203106.0,1728.432
2019-05-12,3203106.0,1731.386
2019-05-19,3245881.0,1731.597
2019-05-26,3245881.0,1732.141
2019-06-02,3279010.0,1737.577
2019-06-09,3279010.0,1738.643
2019-06-16,3314552.0,1737.227
2019-06-23,3314552.0,1736.958
2019-06-30,3222362.0,1738.215
2019-07-07,3222362.0,1745.276
2019-07-14,3256883.0,1750.951
2019-07-21,3256883.0,1747.344
2019-07-28,3271882.0,1745.231
2019-08-04,3271882.0,1745.687
2019-08-11,3292687.0,1748.048
2019-08-18,3292687.0,1747.676
2019-08-25,3257731.0,1749.182
2019-09-01,3257731.0,1751.555
2019-09-08,3235621.0,1760.653
2019-09-15,3235621.0,1766.237
2019-09-22,3159026.0,1762.096
2019-09-29,3159026.0,1761.662
2019-10-06,3252373.0,1762.796
2019-10-13,3252373.0,1766.295
2019-10-20,3235853.0,1770.761
2019-10-27,3235853.0,1771.533
2019-11-03,3282965.0,1776.039
2019-11-10,3282965.0,1782.249
2019-11-17,3311715.0,1786.866
2019-11-24,3311715.0,1785.488
2019-12-01,3340473.0,1787.801
2019-12-08,3340473.0,1793.186
2019-12-15,3441827.0,1791.932
2019-12-22,3441827.0,1792.816
2019-12-29,3436379.0,1799.105
2020-01-05,3436379.0,1805.88
2020-01-12,3471534.0,1804.965
2020-01-19,3471534.0,1797.216
2020-01-26,3412446.0,1794.685
2020-02-02,3412446.0,1792.176
2020-02-09,3453764.0,1792.586
2020-02-16,3453764.0,1794.356
2020-02-23,3438801.0,1798.097
2020-03-01,3438801.0,1798.896
2020-03-08,3530453.0,1803.47
2020-03-15,3530453.0,1814.015
2020-03-22,3884720.0,1827.086
2020-03-29,3884720.0,1859.732
2020-04-05,4526124.0,1876.839
2020-04-12,4526124.0,1880.963
2020-04-19,4899202.0,1884.887
2020-04-26,4899202.0,1890.85
2020-05-03,5068799.0,1903.359
2020-05-10,5068799.0,1916.001
2020-05-17,5144614.0,1925.637
2020-05-24,5144614.0,1933.167
2020-05-31,5199813.0,1944.109
2020-06-07,5199813.0,1949.684
2020-06-14,5085807.0,1953.842
2020-06-21,5085807.0,1956.796
2020-06-28,4866046.0,1961.158
2020-07-05,4866046.0,1967.076
2020-07-12,4772522.0,1974.69
2020-07-19,4772522.0,1978.51
2020-07-26,4609143.0,1982.873
2020-08-02,4609143.0,1988.19
2020-08-09,4750981.0,1996.626
2020-08-16,4750981.0,2003.019
2020-08-23,4830999.0,2007.458
2020-08-30,4830999.0,2010.991
2020-09-06,4876690.0,2016.895
2020-09-13,4876690.0,2026.998
